id,topic
7558626ae3f6771b,Superannuation
7558626ae3f6771b,Payroll
77fc6a6ab915bb04,Payroll
12812b2101c86954,Payroll
12812b2101c86954,Employment
f43db03711fe2a72,Payroll
1df66f550fa746b8,AML/CTF
9d4cdb1d51e2144c,Payroll
c74759dc896d594f,AML/CTF
2fcc52d76fa1a03e,Sanctions
ea82987cbc6eb1f5,Trust Accounts
ea82987cbc6eb1f5,Property
66a32f24743fdee0,Trust Accounts
66a32f24743fdee0,Property
687daeace5828e01,Tax
74d99f7adb4dc6de,Employment
721c31b08abd2283,Privacy & Data
607fd433440c7292,Payroll
607fd433440c7292,Tax
607fd433440c7292,Property
fe0391f45118e451,Trust Accounts
e4bd7b28fc80db40,Sanctions
718d3037212aa7bc,Tax
b6aa99e8c0d74b82,Payroll
b6aa99e8c0d74b82,Employment
b1246efb7eb8c2b7,Privacy & Data
4036bd5dc2108845,Payroll
4036bd5dc2108845,Employment
4036bd5dc2108845,Property
e82eaede1d6aa388,Sanctions
6bccd76ac845495d,Privacy & Data
68723ae2b31bc79f,Sanctions
8c7d03fd1bb0ae1b,Payroll
8c7d03fd1bb0ae1b,Employment
8c7d03fd1bb0ae1b,Property
062cc921f2000083,Employment
b1380ffc1b186793,Sanctions
e4cbdc55dbb01c60,AML/CTF
b2a199b50e13648f,Superannuation
b2a199b50e13648f,Employment
3f061d3c2bc8f8be,Superannuation
3f061d3c2bc8f8be,Employment
942b393855a4b9b9,Privacy & Data
a32cb4b4b17b6aef,AML/CTF
92c3ec7247714048,AML/CTF
eead488806c069e5,Privacy & Data
d8b5f47400369f20,Sanctions
d5177bd3db42e51f,AML/CTF
d5177bd3db42e51f,Trust Accounts
4632b4c7d064ce25,AML/CTF
be90b951853b7ae5,Payroll
cf5a506cb43880f8,AML/CTF
34ce89259fa9b166,Payroll
34ce89259fa9b166,Employment
34ce89259fa9b166,Property
e22afb701214212c,AML/CTF
505df2cf2073e5f5,Payroll
505df2cf2073e5f5,Tax
505df2cf2073e5f5,Property
1bf7bd955ca8a7e4,Privacy & Data
0c0fc41ede201e42,Superannuation
0c0fc41ede201e42,Payroll
fb0a548d348e56ee,Superannuation
fb0a548d348e56ee,Employment
68b07fc96e1097af,Trust Accounts
68b07fc96e1097af,Property
8895c5e65cc35fe5,AML/CTF
2cf4d1e871f2e2fa,Payroll
6301d4ca2aa11477,Sanctions
dfe9472fb55597a8,Sanctions
6208445cbf4f9ed5,Superannuation
d7fe5852c3bb4977,AML/CTF
99b20307dd34b0b9,Privacy & Data
8f19aa80aebaaf32,AML/CTF
ffad072298edee2f,AML/CTF
efb9bd31723be80b,AML/CTF
dddf9f712bf5b46a,AML/CTF
dddf9f712bf5b46a,Trust Accounts
18f3783279c7adbf,Payroll
d82a46b747f47e6a,Tax
d82a46b747f47e6a,Property
03cf66ea92ec6d98,AML/CTF
fbd63858329f1df9,AML/CTF
94e8d4a74d84a129,AML/CTF
2bc8bc8182582ba5,Payroll
2bc8bc8182582ba5,Tax
2bc8bc8182582ba5,Property
5e47de8d855b1b7e,Tax
5b12fe314b8f411e,Tax
5b12fe314b8f411e,Property
48a1d5cf28ac57f4,Sanctions
9f2d1ec009128a31,Superannuation
9f2d1ec009128a31,Payroll
9f7bd11fe4dc2cf6,Trust Accounts
52bd93a5f01cc630,Tax
52bd93a5f01cc630,Property
2099053b88e047c5,Payroll
38d2cffdd00a8775,AML/CTF
abdc9a821dbeb347,Superannuation
abdc9a821dbeb347,Employment
cb1c9f4af3b5fd91,Superannuation
4b65bb8cf133513c,AML/CTF
4b65bb8cf133513c,Trust Accounts
8dc77edc2f8c7417,Payroll
8dc77edc2f8c7417,Employment
8dc77edc2f8c7417,Property
e7ff73d469479463,Superannuation
0ea4da45e55da94c,AML/CTF
e24ea18b4be30e6f,Payroll
e24ea18b4be30e6f,Employment
e24ea18b4be30e6f,Property
8e4502ceca801295,Superannuation
8e4502ceca801295,Payroll
729fc43fd6abe592,Sanctions
d916dc0a40f366a6,Payroll
2d7d318a1df9f6e7,Privacy & Data
e471f58fb4c93d14,Payroll
e471f58fb4c93d14,Employment
e471f58fb4c93d14,Property
e2f8a71350c59d74,AML/CTF
e2f8a71350c59d74,Trust Accounts
2ecde0b46cb1ff46,Employment
bcffb3ea90547fe4,Superannuation
bcffb3ea90547fe4,Payroll
426ef2a6e3700799,AML/CTF
03be2379160ffea4,AML/CTF
03be2379160ffea4,Trust Accounts
c98ccb698f926c33,Trust Accounts
c98ccb698f926c33,Property
2df5e1e8759ec6fd,Superannuation
67ecd60ac584e4ac,Employment
03be7c0dabc7de1e,AML/CTF
72602f580fb6ce4c,Employment
dc20bed9da9a2ebd,AML/CTF
dc20bed9da9a2ebd,Trust Accounts
42242b49017b19e1,Superannuation
42242b49017b19e1,Employment
5a06c8786729fec7,AML/CTF
bff946b66d73a68f,Privacy & Data
00ee0856dc88f5e4,Superannuation
976feef4c62fb966,Employment
220722f19f1630d6,Trust Accounts
6b4a1241a4f724ae,Employment
c04f4848cf138f91,Privacy & Data
587aed6fd3faf50b,Tax
53025d119e5664c2,Sanctions
890622313f126fdd,Trust Accounts
e4fa7b080f7403e6,Superannuation
2a872e1e8684c27d,AML/CTF
00e98283f3065dac,AML/CTF
00e98283f3065dac,Trust Accounts
3c7e1ad65482f811,Trust Accounts
d5a666f5134dccf9,AML/CTF
b6a1ade39ceb4445,AML/CTF
d787253b0a236e7c,Payroll
ec9a420424cbaacc,Sanctions
6ea9ecc5eb392530,Sanctions
c00f77c5e857c392,AML/CTF
c00f77c5e857c392,Trust Accounts
2dd13af110797482,Trust Accounts
2dd13af110797482,Property
560c6156ccd47da6,AML/CTF
560c6156ccd47da6,Trust Accounts
2ea263b08028c3d7,Sanctions
befd28b30529133d,Employment
a6cb671600bb19d5,Superannuation
116fd90a28ba029e,AML/CTF
7bccb6b572a1b009,Trust Accounts
7bccb6b572a1b009,Property
48f45fe470fb51fe,Privacy & Data
d2b99fbc7a17a4ce,Payroll
d2b99fbc7a17a4ce,Tax
d2b99fbc7a17a4ce,Property
1952575e399e8552,Superannuation
1952575e399e8552,Employment
0b01d88001739525,Privacy & Data
734efbb4a6b33405,Employment
af27b3555aa97b82,Employment
a9c054b56227fc2d,Payroll
c59165b6b10203c3,Trust Accounts
c59165b6b10203c3,Property
9d09d7e0e67c2529,Payroll
9d09d7e0e67c2529,Tax
9d09d7e0e67c2529,Property
ccb105d830cdd019,AML/CTF
ccb105d830cdd019,Trust Accounts
f0e9276b6e00c77a,AML/CTF
29b90f97b4d0d4f6,Payroll
29b90f97b4d0d4f6,Tax
29b90f97b4d0d4f6,Property
a79445fe891ba1f0,Sanctions
c04795d8f181e611,AML/CTF
015f63a0bf90acae,AML/CTF
015f63a0bf90acae,Trust Accounts
9128cc592d461f98,Employment
20f278e29a713e4e,Payroll
20f278e29a713e4e,Employment
ba749adc027dd34d,AML/CTF
3fef62f640098c5e,AML/CTF
3fef62f640098c5e,Trust Accounts
e5633bc274277127,AML/CTF
893fc48a8b30494b,Superannuation
893fc48a8b30494b,Payroll
d39171184b407054,Employment
af57a5c20ea96845,Superannuation
af57a5c20ea96845,Payroll
8ac6bc6ccb1d5818,AML/CTF
64c1715094c9a9cb,Sanctions
5693f9a770a3d211,Tax
5693f9a770a3d211,Property
d8e52c4baf3f8f24,Payroll
d8e52c4baf3f8f24,Employment
0a14b3933d526a7b,Tax
5b2e752e7cc6465c,Sanctions
60211243f2eea5ab,Employment
89b7bc82016abda4,Tax
b4c1e3a4d1fc9f44,Superannuation
b4c1e3a4d1fc9f44,Payroll
5e8a7d457e2a63c3,Sanctions
5e77e3ae197fee9e,Payroll
51e1b1935c259abe,Trust Accounts
51e1b1935c259abe,Property
de31414ae7648cc2,Sanctions
df41b04d8e94e467,Employment
ed720ead3483a404,Privacy & Data
99456c3d0bd87c23,Superannuation
99456c3d0bd87c23,Payroll
b1c76e418931317d,AML/CTF
0108c647602ba821,Tax
16be070872958d0d,Employment
1c7674a5aeaacbb3,AML/CTF
90f405a9d8cb7056,Sanctions
d66743110fac3a1f,AML/CTF
3bfa7d74a76b642f,Superannuation
65c1f3150839c88b,Tax
d7a48bcefb056d49,AML/CTF
f1d293e3d2b9d688,Sanctions
0569ddc452712f08,Trust Accounts
0569ddc452712f08,Property
cf9b942d6b48cd5c,Payroll
cf9b942d6b48cd5c,Employment
9db183495c5f0134,AML/CTF
4353b76b8114fc1c,AML/CTF
36de32a592fca6a8,AML/CTF
36de32a592fca6a8,Trust Accounts
3a7f1f0b0cbd8cbd,Trust Accounts
9b79a35cba0fb971,Privacy & Data
c01e6cf0dfd80d11,Tax
c01e6cf0dfd80d11,Property
7d9f8ca4a6bca20a,Superannuation
7d9f8ca4a6bca20a,Payroll
0c2353e57b00be6f,Superannuation
0c2353e57b00be6f,Payroll
9c40cd0a05317654,Trust Accounts
9c40cd0a05317654,Property
73e9d51d39c8dea5,AML/CTF
9936ab8e4630a9d7,Privacy & Data
683f31d0615b7fc8,Employment
b8ed7059af3a918b,Tax
b8ed7059af3a918b,Property
12578b73bed4b09b,Superannuation
12578b73bed4b09b,Payroll
1c58918d3d3e78c3,Payroll
1c58918d3d3e78c3,Employment
302100832edb4df1,Trust Accounts
302100832edb4df1,Property
651204544d186e1d,Superannuation
ae53d0fe36bdfb9c,Tax
ae53d0fe36bdfb9c,Property
5e0bf9ee2b4be179,Tax
8a8e9874a080bb9c,Superannuation
8a8e9874a080bb9c,Employment
438fd0e4c1586d93,Employment
8412d80ac9475c1c,Superannuation
8412d80ac9475c1c,Payroll
aeaa164f5035d13b,Privacy & Data
82fb70b75b931232,AML/CTF
15787667c86a4629,Payroll
15787667c86a4629,Employment
50b1a18b6473f44e,Employment
5cdc97fb36e1d325,Trust Accounts
5cdc97fb36e1d325,Property
5500c1f26028bcd1,Employment
