id,audience
7558626ae3f6771b,Employers
77fc6a6ab915bb04,Employers
12812b2101c86954,Employers
f43db03711fe2a72,Employers
1df66f550fa746b8,Reporting entities
9d4cdb1d51e2144c,Employers
c74759dc896d594f,Reporting entities
2fcc52d76fa1a03e,General
ea82987cbc6eb1f5,Law firms
ea82987cbc6eb1f5,Real estate
66a32f24743fdee0,Law firms
66a32f24743fdee0,Real estate
687daeace5828e01,Accountants
687daeace5828e01,Real estate
74d99f7adb4dc6de,Employers
721c31b08abd2283,General
607fd433440c7292,Law firms
607fd433440c7292,Real estate
fe0391f45118e451,Law firms
e4bd7b28fc80db40,General
718d3037212aa7bc,General
b6aa99e8c0d74b82,Employers
b1246efb7eb8c2b7,General
4036bd5dc2108845,Employers
e82eaede1d6aa388,General
6bccd76ac845495d,General
68723ae2b31bc79f,General
8c7d03fd1bb0ae1b,Employers
062cc921f2000083,Employers
b1380ffc1b186793,General
e4cbdc55dbb01c60,Reporting entities
b2a199b50e13648f,Employers
3f061d3c2bc8f8be,Employers
942b393855a4b9b9,General
a32cb4b4b17b6aef,General
92c3ec7247714048,Reporting entities
eead488806c069e5,General
d8b5f47400369f20,General
d5177bd3db42e51f,Law firms
d5177bd3db42e51f,Accountants
d5177bd3db42e51f,Real estate
d5177bd3db42e51f,Reporting entities
4632b4c7d064ce25,General
be90b951853b7ae5,Employers
cf5a506cb43880f8,Reporting entities
34ce89259fa9b166,Employers
e22afb701214212c,Reporting entities
505df2cf2073e5f5,Law firms
505df2cf2073e5f5,Real estate
1bf7bd955ca8a7e4,General
0c0fc41ede201e42,Employers
fb0a548d348e56ee,Employers
68b07fc96e1097af,Law firms
68b07fc96e1097af,Real estate
8895c5e65cc35fe5,Law firms
8895c5e65cc35fe5,Accountants
8895c5e65cc35fe5,Real estate
8895c5e65cc35fe5,Reporting entities
2cf4d1e871f2e2fa,Employers
6301d4ca2aa11477,General
dfe9472fb55597a8,General
6208445cbf4f9ed5,Employers
d7fe5852c3bb4977,General
99b20307dd34b0b9,General
8f19aa80aebaaf32,Reporting entities
ffad072298edee2f,Reporting entities
efb9bd31723be80b,Law firms
efb9bd31723be80b,Accountants
efb9bd31723be80b,Real estate
efb9bd31723be80b,Reporting entities
dddf9f712bf5b46a,Law firms
18f3783279c7adbf,Employers
d82a46b747f47e6a,Accountants
d82a46b747f47e6a,Real estate
03cf66ea92ec6d98,Reporting entities
fbd63858329f1df9,Law firms
fbd63858329f1df9,Accountants
fbd63858329f1df9,Real estate
fbd63858329f1df9,Reporting entities
94e8d4a74d84a129,Real estate
2bc8bc8182582ba5,Law firms
2bc8bc8182582ba5,Real estate
5e47de8d855b1b7e,General
5b12fe314b8f411e,Accountants
5b12fe314b8f411e,Real estate
48a1d5cf28ac57f4,General
9f2d1ec009128a31,Employers
9f7bd11fe4dc2cf6,Law firms
52bd93a5f01cc630,Accountants
52bd93a5f01cc630,Real estate
2099053b88e047c5,Employers
38d2cffdd00a8775,Reporting entities
abdc9a821dbeb347,Employers
cb1c9f4af3b5fd91,Employers
4b65bb8cf133513c,Law firms
4b65bb8cf133513c,Accountants
4b65bb8cf133513c,Real estate
4b65bb8cf133513c,Reporting entities
8dc77edc2f8c7417,Employers
e7ff73d469479463,Employers
0ea4da45e55da94c,Reporting entities
e24ea18b4be30e6f,Employers
8e4502ceca801295,Employers
729fc43fd6abe592,General
d916dc0a40f366a6,Employers
2d7d318a1df9f6e7,General
e471f58fb4c93d14,Employers
e2f8a71350c59d74,Law firms
e2f8a71350c59d74,Accountants
e2f8a71350c59d74,Real estate
e2f8a71350c59d74,Reporting entities
2ecde0b46cb1ff46,Law firms
2ecde0b46cb1ff46,Employers
bcffb3ea90547fe4,Employers
426ef2a6e3700799,Reporting entities
03be2379160ffea4,Law firms
03be2379160ffea4,Reporting entities
c98ccb698f926c33,Law firms
c98ccb698f926c33,Real estate
2df5e1e8759ec6fd,Employers
67ecd60ac584e4ac,Employers
03be7c0dabc7de1e,Reporting entities
72602f580fb6ce4c,Employers
dc20bed9da9a2ebd,Law firms
dc20bed9da9a2ebd,Reporting entities
42242b49017b19e1,Employers
5a06c8786729fec7,Law firms
5a06c8786729fec7,Accountants
5a06c8786729fec7,Real estate
5a06c8786729fec7,Reporting entities
bff946b66d73a68f,General
00ee0856dc88f5e4,Employers
976feef4c62fb966,Law firms
976feef4c62fb966,Employers
220722f19f1630d6,Law firms
6b4a1241a4f724ae,Employers
c04f4848cf138f91,General
587aed6fd3faf50b,General
53025d119e5664c2,General
890622313f126fdd,Law firms
e4fa7b080f7403e6,Employers
2a872e1e8684c27d,Reporting entities
00e98283f3065dac,Law firms
00e98283f3065dac,Reporting entities
3c7e1ad65482f811,Law firms
d5a666f5134dccf9,Reporting entities
b6a1ade39ceb4445,Law firms
b6a1ade39ceb4445,Accountants
b6a1ade39ceb4445,Real estate
b6a1ade39ceb4445,Reporting entities
d787253b0a236e7c,Employers
ec9a420424cbaacc,General
6ea9ecc5eb392530,General
c00f77c5e857c392,Law firms
c00f77c5e857c392,Accountants
c00f77c5e857c392,Real estate
c00f77c5e857c392,Reporting entities
2dd13af110797482,Law firms
2dd13af110797482,Real estate
560c6156ccd47da6,Law firms
560c6156ccd47da6,Reporting entities
2ea263b08028c3d7,General
befd28b30529133d,Employers
a6cb671600bb19d5,Employers
116fd90a28ba029e,Reporting entities
7bccb6b572a1b009,Law firms
7bccb6b572a1b009,Real estate
48f45fe470fb51fe,General
d2b99fbc7a17a4ce,Law firms
d2b99fbc7a17a4ce,Real estate
1952575e399e8552,Employers
0b01d88001739525,General
734efbb4a6b33405,Employers
af27b3555aa97b82,Employers
a9c054b56227fc2d,Employers
c59165b6b10203c3,Law firms
c59165b6b10203c3,Real estate
9d09d7e0e67c2529,Law firms
9d09d7e0e67c2529,Real estate
ccb105d830cdd019,Law firms
ccb105d830cdd019,Reporting entities
f0e9276b6e00c77a,Real estate
29b90f97b4d0d4f6,Law firms
29b90f97b4d0d4f6,Real estate
a79445fe891ba1f0,General
c04795d8f181e611,Reporting entities
015f63a0bf90acae,Law firms
015f63a0bf90acae,Accountants
015f63a0bf90acae,Real estate
015f63a0bf90acae,Reporting entities
9128cc592d461f98,Employers
20f278e29a713e4e,Employers
ba749adc027dd34d,Reporting entities
3fef62f640098c5e,Law firms
3fef62f640098c5e,Accountants
3fef62f640098c5e,Real estate
3fef62f640098c5e,Reporting entities
e5633bc274277127,Reporting entities
893fc48a8b30494b,Employers
d39171184b407054,Employers
af57a5c20ea96845,Employers
8ac6bc6ccb1d5818,Real estate
64c1715094c9a9cb,General
5693f9a770a3d211,Accountants
5693f9a770a3d211,Real estate
d8e52c4baf3f8f24,Employers
0a14b3933d526a7b,Accountants
0a14b3933d526a7b,Real estate
5b2e752e7cc6465c,General
60211243f2eea5ab,Employers
89b7bc82016abda4,General
b4c1e3a4d1fc9f44,Employers
5e8a7d457e2a63c3,General
5e77e3ae197fee9e,Employers
51e1b1935c259abe,Law firms
51e1b1935c259abe,Real estate
de31414ae7648cc2,General
df41b04d8e94e467,Law firms
df41b04d8e94e467,Employers
ed720ead3483a404,General
99456c3d0bd87c23,Employers
b1c76e418931317d,Reporting entities
0108c647602ba821,Accountants
0108c647602ba821,Real estate
16be070872958d0d,Employers
1c7674a5aeaacbb3,General
90f405a9d8cb7056,General
d66743110fac3a1f,Reporting entities
3bfa7d74a76b642f,Employers
65c1f3150839c88b,Accountants
65c1f3150839c88b,Real estate
d7a48bcefb056d49,Reporting entities
f1d293e3d2b9d688,General
0569ddc452712f08,Law firms
0569ddc452712f08,Real estate
cf9b942d6b48cd5c,Employers
9db183495c5f0134,Reporting entities
4353b76b8114fc1c,Law firms
36de32a592fca6a8,Law firms
3a7f1f0b0cbd8cbd,Law firms
9b79a35cba0fb971,General
c01e6cf0dfd80d11,Accountants
c01e6cf0dfd80d11,Real estate
7d9f8ca4a6bca20a,Employers
0c2353e57b00be6f,Employers
9c40cd0a05317654,Law firms
9c40cd0a05317654,Real estate
73e9d51d39c8dea5,General
9936ab8e4630a9d7,General
683f31d0615b7fc8,Employers
b8ed7059af3a918b,Accountants
b8ed7059af3a918b,Real estate
12578b73bed4b09b,Employers
1c58918d3d3e78c3,Employers
302100832edb4df1,Law firms
302100832edb4df1,Real estate
651204544d186e1d,Employers
ae53d0fe36bdfb9c,Accountants
ae53d0fe36bdfb9c,Real estate
5e0bf9ee2b4be179,General
8a8e9874a080bb9c,Employers
438fd0e4c1586d93,Employers
8412d80ac9475c1c,Employers
aeaa164f5035d13b,General
82fb70b75b931232,Law firms
15787667c86a4629,Employers
50b1a18b6473f44e,Law firms
50b1a18b6473f44e,Employers
5cdc97fb36e1d325,Law firms
5cdc97fb36e1d325,Real estate
5500c1f26028bcd1,Employers
