id,department
00e98283f3065dac,Accounts & Trust
00e98283f3065dac,Compliance & AML
00ee0856dc88f5e4,Accounts & Trust
00ee0856dc88f5e4,HR & Payroll
0108c647602ba821,Accounts & Trust
015f63a0bf90acae,Accounts & Trust
015f63a0bf90acae,Compliance & AML
03be2379160ffea4,Accounts & Trust
03be2379160ffea4,Compliance & AML
03be7c0dabc7de1e,Compliance & AML
03cf66ea92ec6d98,Compliance & AML
0569ddc452712f08,Accounts & Trust
0569ddc452712f08,Property
062cc921f2000083,HR & Payroll
0a14b3933d526a7b,Accounts & Trust
0b01d88001739525,Privacy & IT
0c0fc41ede201e42,Accounts & Trust
0c0fc41ede201e42,HR & Payroll
0c2353e57b00be6f,Accounts & Trust
0c2353e57b00be6f,HR & Payroll
0ea4da45e55da94c,Compliance & AML
116fd90a28ba029e,Compliance & AML
12578b73bed4b09b,Accounts & Trust
12578b73bed4b09b,HR & Payroll
12812b2101c86954,Accounts & Trust
12812b2101c86954,HR & Payroll
15787667c86a4629,Accounts & Trust
15787667c86a4629,HR & Payroll
16be070872958d0d,HR & Payroll
18f3783279c7adbf,Accounts & Trust
18f3783279c7adbf,HR & Payroll
1952575e399e8552,Accounts & Trust
1952575e399e8552,HR & Payroll
1bf7bd955ca8a7e4,Privacy & IT
1c58918d3d3e78c3,Accounts & Trust
1c58918d3d3e78c3,HR & Payroll
1c7674a5aeaacbb3,Compliance & AML
1df66f550fa746b8,Compliance & AML
2099053b88e047c5,Accounts & Trust
2099053b88e047c5,HR & Payroll
20f278e29a713e4e,Accounts & Trust
20f278e29a713e4e,HR & Payroll
220722f19f1630d6,Accounts & Trust
29b90f97b4d0d4f6,Accounts & Trust
29b90f97b4d0d4f6,HR & Payroll
29b90f97b4d0d4f6,Property
2a872e1e8684c27d,Compliance & AML
2bc8bc8182582ba5,Accounts & Trust
2bc8bc8182582ba5,HR & Payroll
2bc8bc8182582ba5,Property
2cf4d1e871f2e2fa,Accounts & Trust
2cf4d1e871f2e2fa,HR & Payroll
2d7d318a1df9f6e7,Privacy & IT
2dd13af110797482,Accounts & Trust
2dd13af110797482,Property
2df5e1e8759ec6fd,Accounts & Trust
2df5e1e8759ec6fd,HR & Payroll
2ea263b08028c3d7,Compliance & AML
2ecde0b46cb1ff46,HR & Payroll
2fcc52d76fa1a03e,Compliance & AML
302100832edb4df1,Accounts & Trust
302100832edb4df1,Property
34ce89259fa9b166,Accounts & Trust
34ce89259fa9b166,HR & Payroll
34ce89259fa9b166,Property
36de32a592fca6a8,Accounts & Trust
36de32a592fca6a8,Compliance & AML
38d2cffdd00a8775,Compliance & AML
3a7f1f0b0cbd8cbd,Accounts & Trust
3bfa7d74a76b642f,Accounts & Trust
3bfa7d74a76b642f,HR & Payroll
3c7e1ad65482f811,Accounts & Trust
3f061d3c2bc8f8be,Accounts & Trust
3f061d3c2bc8f8be,HR & Payroll
3fef62f640098c5e,Accounts & Trust
3fef62f640098c5e,Compliance & AML
4036bd5dc2108845,Accounts & Trust
4036bd5dc2108845,HR & Payroll
4036bd5dc2108845,Property
42242b49017b19e1,Accounts & Trust
42242b49017b19e1,HR & Payroll
426ef2a6e3700799,Compliance & AML
4353b76b8114fc1c,Compliance & AML
438fd0e4c1586d93,HR & Payroll
4632b4c7d064ce25,Compliance & AML
48a1d5cf28ac57f4,Compliance & AML
48f45fe470fb51fe,Privacy & IT
4b65bb8cf133513c,Accounts & Trust
4b65bb8cf133513c,Compliance & AML
505df2cf2073e5f5,Accounts & Trust
505df2cf2073e5f5,HR & Payroll
505df2cf2073e5f5,Property
50b1a18b6473f44e,HR & Payroll
51e1b1935c259abe,Accounts & Trust
51e1b1935c259abe,Property
52bd93a5f01cc630,Accounts & Trust
52bd93a5f01cc630,Property
53025d119e5664c2,Compliance & AML
5500c1f26028bcd1,HR & Payroll
560c6156ccd47da6,Accounts & Trust
560c6156ccd47da6,Compliance & AML
5693f9a770a3d211,Accounts & Trust
5693f9a770a3d211,Property
587aed6fd3faf50b,Accounts & Trust
5a06c8786729fec7,Compliance & AML
5b12fe314b8f411e,Accounts & Trust
5b12fe314b8f411e,Property
5b2e752e7cc6465c,Compliance & AML
5cdc97fb36e1d325,Accounts & Trust
5cdc97fb36e1d325,Property
5e0bf9ee2b4be179,Accounts & Trust
5e47de8d855b1b7e,Accounts & Trust
5e77e3ae197fee9e,Accounts & Trust
5e77e3ae197fee9e,HR & Payroll
5e8a7d457e2a63c3,Compliance & AML
60211243f2eea5ab,HR & Payroll
607fd433440c7292,Accounts & Trust
607fd433440c7292,HR & Payroll
607fd433440c7292,Property
6208445cbf4f9ed5,Accounts & Trust
6208445cbf4f9ed5,HR & Payroll
6301d4ca2aa11477,Compliance & AML
64c1715094c9a9cb,Compliance & AML
651204544d186e1d,Accounts & Trust
651204544d186e1d,HR & Payroll
65c1f3150839c88b,Accounts & Trust
66a32f24743fdee0,Accounts & Trust
66a32f24743fdee0,Property
67ecd60ac584e4ac,HR & Payroll
683f31d0615b7fc8,HR & Payroll
68723ae2b31bc79f,Compliance & AML
687daeace5828e01,Accounts & Trust
68b07fc96e1097af,Accounts & Trust
68b07fc96e1097af,Property
6b4a1241a4f724ae,HR & Payroll
6bccd76ac845495d,Privacy & IT
6ea9ecc5eb392530,Compliance & AML
718d3037212aa7bc,Accounts & Trust
721c31b08abd2283,Privacy & IT
72602f580fb6ce4c,HR & Payroll
729fc43fd6abe592,Compliance & AML
734efbb4a6b33405,HR & Payroll
73e9d51d39c8dea5,Compliance & AML
74d99f7adb4dc6de,HR & Payroll
7558626ae3f6771b,Accounts & Trust
7558626ae3f6771b,HR & Payroll
77fc6a6ab915bb04,Accounts & Trust
77fc6a6ab915bb04,HR & Payroll
7bccb6b572a1b009,Accounts & Trust
7bccb6b572a1b009,Property
7d9f8ca4a6bca20a,Accounts & Trust
7d9f8ca4a6bca20a,HR & Payroll
82fb70b75b931232,Compliance & AML
8412d80ac9475c1c,Accounts & Trust
8412d80ac9475c1c,HR & Payroll
8895c5e65cc35fe5,Compliance & AML
890622313f126fdd,Accounts & Trust
893fc48a8b30494b,Accounts & Trust
893fc48a8b30494b,HR & Payroll
89b7bc82016abda4,Accounts & Trust
8a8e9874a080bb9c,Accounts & Trust
8a8e9874a080bb9c,HR & Payroll
8ac6bc6ccb1d5818,Compliance & AML
8c7d03fd1bb0ae1b,Accounts & Trust
8c7d03fd1bb0ae1b,HR & Payroll
8c7d03fd1bb0ae1b,Property
8dc77edc2f8c7417,Accounts & Trust
8dc77edc2f8c7417,HR & Payroll
8dc77edc2f8c7417,Property
8e4502ceca801295,Accounts & Trust
8e4502ceca801295,HR & Payroll
8f19aa80aebaaf32,Compliance & AML
90f405a9d8cb7056,Compliance & AML
9128cc592d461f98,HR & Payroll
92c3ec7247714048,Compliance & AML
942b393855a4b9b9,Privacy & IT
94e8d4a74d84a129,Compliance & AML
976feef4c62fb966,HR & Payroll
9936ab8e4630a9d7,Privacy & IT
99456c3d0bd87c23,Accounts & Trust
99456c3d0bd87c23,HR & Payroll
99b20307dd34b0b9,Privacy & IT
9b79a35cba0fb971,Privacy & IT
9c40cd0a05317654,Accounts & Trust
9c40cd0a05317654,Property
9d09d7e0e67c2529,Accounts & Trust
9d09d7e0e67c2529,HR & Payroll
9d09d7e0e67c2529,Property
9d4cdb1d51e2144c,Accounts & Trust
9d4cdb1d51e2144c,HR & Payroll
9db183495c5f0134,Compliance & AML
9f2d1ec009128a31,Accounts & Trust
9f2d1ec009128a31,HR & Payroll
9f7bd11fe4dc2cf6,Accounts & Trust
a32cb4b4b17b6aef,Compliance & AML
a6cb671600bb19d5,Accounts & Trust
a6cb671600bb19d5,HR & Payroll
a79445fe891ba1f0,Compliance & AML
a9c054b56227fc2d,Accounts & Trust
a9c054b56227fc2d,HR & Payroll
abdc9a821dbeb347,Accounts & Trust
abdc9a821dbeb347,HR & Payroll
ae53d0fe36bdfb9c,Accounts & Trust
ae53d0fe36bdfb9c,Property
aeaa164f5035d13b,Privacy & IT
af27b3555aa97b82,HR & Payroll
af57a5c20ea96845,Accounts & Trust
af57a5c20ea96845,HR & Payroll
b1246efb7eb8c2b7,Privacy & IT
b1380ffc1b186793,Compliance & AML
b1c76e418931317d,Compliance & AML
b2a199b50e13648f,Accounts & Trust
b2a199b50e13648f,HR & Payroll
b4c1e3a4d1fc9f44,Accounts & Trust
b4c1e3a4d1fc9f44,HR & Payroll
b6a1ade39ceb4445,Compliance & AML
b6aa99e8c0d74b82,Accounts & Trust
b6aa99e8c0d74b82,HR & Payroll
b8ed7059af3a918b,Accounts & Trust
b8ed7059af3a918b,Property
ba749adc027dd34d,Compliance & AML
bcffb3ea90547fe4,Accounts & Trust
bcffb3ea90547fe4,HR & Payroll
be90b951853b7ae5,Accounts & Trust
be90b951853b7ae5,HR & Payroll
befd28b30529133d,HR & Payroll
bff946b66d73a68f,Privacy & IT
c00f77c5e857c392,Accounts & Trust
c00f77c5e857c392,Compliance & AML
c01e6cf0dfd80d11,Accounts & Trust
c01e6cf0dfd80d11,Property
c04795d8f181e611,Compliance & AML
c04f4848cf138f91,Privacy & IT
c59165b6b10203c3,Accounts & Trust
c59165b6b10203c3,Property
c74759dc896d594f,Compliance & AML
c98ccb698f926c33,Accounts & Trust
c98ccb698f926c33,Property
cb1c9f4af3b5fd91,Accounts & Trust
cb1c9f4af3b5fd91,HR & Payroll
ccb105d830cdd019,Accounts & Trust
ccb105d830cdd019,Compliance & AML
cf5a506cb43880f8,Compliance & AML
cf9b942d6b48cd5c,Accounts & Trust
cf9b942d6b48cd5c,HR & Payroll
d2b99fbc7a17a4ce,Accounts & Trust
d2b99fbc7a17a4ce,HR & Payroll
d2b99fbc7a17a4ce,Property
d39171184b407054,HR & Payroll
d5177bd3db42e51f,Accounts & Trust
d5177bd3db42e51f,Compliance & AML
d5a666f5134dccf9,Compliance & AML
d66743110fac3a1f,Compliance & AML
d787253b0a236e7c,Accounts & Trust
d787253b0a236e7c,HR & Payroll
d7a48bcefb056d49,Compliance & AML
d7fe5852c3bb4977,Compliance & AML
d82a46b747f47e6a,Accounts & Trust
d82a46b747f47e6a,Property
d8b5f47400369f20,Compliance & AML
d8e52c4baf3f8f24,Accounts & Trust
d8e52c4baf3f8f24,HR & Payroll
d916dc0a40f366a6,Accounts & Trust
d916dc0a40f366a6,HR & Payroll
dc20bed9da9a2ebd,Accounts & Trust
dc20bed9da9a2ebd,Compliance & AML
dddf9f712bf5b46a,Accounts & Trust
dddf9f712bf5b46a,Compliance & AML
de31414ae7648cc2,Compliance & AML
df41b04d8e94e467,HR & Payroll
dfe9472fb55597a8,Compliance & AML
e22afb701214212c,Compliance & AML
e24ea18b4be30e6f,Accounts & Trust
e24ea18b4be30e6f,HR & Payroll
e24ea18b4be30e6f,Property
e2f8a71350c59d74,Accounts & Trust
e2f8a71350c59d74,Compliance & AML
e471f58fb4c93d14,Accounts & Trust
e471f58fb4c93d14,HR & Payroll
e471f58fb4c93d14,Property
e4bd7b28fc80db40,Compliance & AML
e4cbdc55dbb01c60,Compliance & AML
e4fa7b080f7403e6,Accounts & Trust
e4fa7b080f7403e6,HR & Payroll
e5633bc274277127,Compliance & AML
e7ff73d469479463,Accounts & Trust
e7ff73d469479463,HR & Payroll
e82eaede1d6aa388,Compliance & AML
ea82987cbc6eb1f5,Accounts & Trust
ea82987cbc6eb1f5,Property
ec9a420424cbaacc,Compliance & AML
ed720ead3483a404,Privacy & IT
eead488806c069e5,Privacy & IT
efb9bd31723be80b,Compliance & AML
f0e9276b6e00c77a,Compliance & AML
f1d293e3d2b9d688,Compliance & AML
f43db03711fe2a72,Accounts & Trust
f43db03711fe2a72,HR & Payroll
fb0a548d348e56ee,Accounts & Trust
fb0a548d348e56ee,HR & Payroll
fbd63858329f1df9,Compliance & AML
fe0391f45118e451,Accounts & Trust
ffad072298edee2f,Compliance & AML
